bandwidth_setting_hz,frequency_hz,gain_db,phase_deg,ref_amplitude_A,gain_segment_std_db,phase_segment_std_deg,segment_coherence
500,20,-0.012861264379005598,-2.5883981362171458,0.29999753304743054,0.004329311077744626,0.04535627189932773,0.9999992342748689
500,40,-0.056652819294243845,-5.117362234148485,0.30000498286973054,0.006232032664877857,0.057113867540274685,0.999998680310861
500,70,-0.15411087340894897,-8.74905701876365,0.29999750033047234,0.01823170711440226,0.13808144819692106,0.999991061720827
500,100,-0.3257834198862073,-12.375133697244587,0.30004001603961183,0.024576595105935285,0.15627420163066807,0.9999864718234912
500,150,-0.6051477867052647,-17.451920516518552,0.3000090272650846,0.01995877543695318,0.2924913780501253,0.9999725872134851
500,220,-1.1502761746636117,-23.013054210034912,0.2999997988133544,0.038391737161643645,0.1888253733348033,0.9999734155612944
500,330,-2.0403611870276386,-29.595858879660994,0.29999772858338924,0.06361909679578631,0.44723854881557523,0.9998997493881837
500,500,-3.0776642850585945,-35.57070514940022,0.2998853736856956,0.11913767720597053,1.0360741542660112,0.9995504942366302
500,700,-3.900605416689245,-40.825027723860494,0.3000544357542326,0.1276098351641173,1.08995186046649,0.9994939032339578
500,1000,-4.493582488062284,-49.098855852602284,0.2998702271367615,0.10063452242417374,0.9629006908490111,0.9996341475369316
500,1250,-4.985899994225303,-55.71029943686806,0.2999149314132898,0.1412055221470402,1.1142805364797252,0.9994410672198278
500,1500,-5.392418521514028,-62.39164349951609,0.2998853736856962,0.16814048166429565,1.3003635416652326,0.999224299627892
500,1750,-5.634492953213691,-69.86163057370814,0.2998604004838949,0.1471702460924041,0.9075070142718418,0.9995272822362815
500,2000,-6.01340075070909,-77.98551441205048,0.2998363380066829,0.18225210789969462,0.8884170745263931,0.9994020414562683
500,2250,-6.265072418614386,-86.88937585511196,0.29987196873529703,0.1700575004745336,0.9825657274700645,0.9994112601996495
500,2500,-6.699123156781601,-93.67439518613183,0.29991149593129685,0.174496066139465,1.429077364392974,0.9991005839692148
500,2750,-7.142934224072109,-102.14352550208508,0.29987018959001643,0.219626470022315,1.3999129288918901,0.9989161167279834
500,3000,-7.4819328227612845,-110.4626201217099,0.29989003455727703,0.16831302813410137,2.076662662443868,0.9985247792959979
500,3500,-8.558019236218172,-123.90465919540286,0.2998864225447454,0.43880277439747273,1.8435014092553723,0.9969551779206741
500,4000,-10.062609068891996,-139.22886485565894,0.29983633798395587,0.3839073180298552,3.7395021175873895,0.9946523154026374
500,4500,-10.767437090990398,-151.78515264319506,0.299885373685696,0.24686600183734925,3.4214699517964475,0.9962024016286638
500,5000,-12.482546348234626,-163.32997544707084,0.29999999999999977,0.4873092642370657,3.6933635108025205,0.9935207210267889
1000,20,-0.003985746909013878,-1.3087963611256765,0.29999753304743054,0.0025324558449769338,0.03928931338269811,0.9999995141369044
1000,40,-0.020911384703318388,-2.5814337172097916,0.30000498286973054,0.004853493611861299,0.11610664850806986,0.9999961328529778
1000,70,-0.05813351190757884,-4.51458110118548,0.29999750033047234,0.006899888175377426,0.061833422144618996,0.9999984286405652
1000,100,-0.10969429130069473,-6.3943790374389975,0.30004001603961183,0.014053866729647178,0.07339747269007495,0.9999962715768249
1000,150,-0.22674918563395915,-9.256485413793383,0.3000090272650846,0.018475424709600518,0.15009270526539786,0.9999900241136193
1000,220,-0.45847832485629003,-12.89115626762122,0.2999997988133544,0.034161741903675436,0.23335992054783536,0.9999719479730514
1000,330,-0.8675367441110535,-17.560466397187714,0.29999772858338924,0.036031605546804304,0.17929398361265644,0.9999763010934712
1000,500,-1.423665743651156,-22.601105812404693,0.2998853736856956,0.048161311989996604,0.4866176053548633,0.9999095510354454
1000,700,-1.8666387033732996,-26.949864851902507,0.3000544357542326,0.08904299898380526,0.35218436376200446,0.9998749266291599
1000,1000,-2.159162389800769,-32.60616187454304,0.2998702271367615,0.10528911219122904,0.573600690865019,0.999784011626164
1000,1250,-2.281327144776421,-38.59787907868283,0.2999149314132898,0.14012151662622174,0.5267075928083018,0.9996964691334219
1000,1500,-2.3043839737202796,-44.917781132456675,0.2998853736856962,0.049030292621452295,0.9568802836571102,0.9997276702426426
1000,1750,-2.259965343202567,-51.43526118115825,0.2998604004838949,0.12605761187011022,1.0818977981049065,0.9995066357364845
1000,2000,-2.3182672280546424,-58.27630244686127,0.2998363380066829,0.13989950963629078,0.7054162173464689,0.9996389468707786
1000,2250,-2.206629151641623,-66.12400080946556,0.29987196873529703,0.09818768901857386,0.9324916939503806,0.9996563095776076
1000,2500,-2.2767996515321527,-74.13401037108176,0.29991149593129685,0.1058253676173336,0.9878951139773885,0.9996100519320533
1000,2750,-2.375076034312061,-82.48708429627546,0.29987018959001643,0.08306503341974573,0.6514735446719512,0.9998065416020963
1000,3000,-2.589120182004536,-90.96780519079569,0.29989003455727703,0.15847916118067873,0.8732086300176133,0.999504422729919
1000,3500,-2.964601131087021,-108.2850247186302,0.2998864225447454,0.12908970080789486,1.0323593260089357,0.9995234875544157
1000,4000,-3.8344865026785477,-126.21131762234535,0.29983633798395587,0.22382017465338525,1.9081286888738134,0.9984405212711774
1000,4500,-4.4796848627059855,-141.58269818161875,0.299885373685696,0.14487565541569147,0.9486539163518004,0.9995160294708423
1000,5000,-5.7950532850952685,-153.72022937503786,0.29999999999999977,0.20079385573313518,1.6661748766490247,0.9987946681126592
2000,20,-0.0025244371696528946,-0.6673409037740802,0.29999753304743054,0.0014016585056114412,0.027942557159420827,0.9999997691071637
2000,40,-0.007356236952619659,-1.3505904891659402,0.30000498286973054,0.002779905999987856,0.04729162201633643,0.9999993142226627
2000,70,-0.0219286762386248,-2.351933794399313,0.29999750033047234,0.00839720802414288,0.039153730695548686,0.9999987732639086
2000,100,-0.04144781252592458,-3.3186508002861137,0.30004001603961183,0.008247604624346741,0.0388872403914211,0.9999988082090988
2000,150,-0.09494887420143774,-4.8696203491366745,0.3000090272650846,0.010860936658946099,0.06409955292429428,0.9999975354189272
2000,220,-0.18418714856444782,-6.924589902435017,0.2999997988133544,0.016658891339857144,0.09349416460502905,0.9999944568524576
2000,330,-0.3674333855416815,-9.621237375014244,0.29999772858338924,0.014724899532435385,0.15770968614758132,0.9999908542595154
2000,500,-0.6231404016795845,-12.948707700640396,0.2998853736856956,0.023411642750040776,0.15392005941086334,0.9999873076015707
2000,700,-0.7911550664820693,-15.878424432007739,0.3000544357542326,0.028604086438446457,0.187875905344397,0.9999811346013466
2000,1000,-0.8821941474744893,-20.359934350305167,0.2998702271367615,0.042872072090062274,0.5100420671601722,0.9999094311712128
2000,1250,-0.8174593514344342,-23.458362437783766,0.2999149314132898,0.04145990118385393,0.2657719068258672,0.9999613421036022
2000,1500,-0.6942232040393146,-27.344034222891256,0.2998853736856962,0.04707596165238257,0.4585560443270825,0.9999181567019882
2000,1750,-0.48511628903756104,-31.86655244212592,0.2998604004838949,0.0638925660908591,0.4007110017146574,0.9999100740792806
2000,2000,-0.23039439922206484,-36.11688660665623,0.2998363380066829,0.034751481814502404,0.6384325902160727,0.9998774065433592
2000,2250,0.06836216653229642,-41.63765768383401,0.29987196873529703,0.06291879754438834,0.3940062076323801,0.9999129478119578
2000,2500,0.4351868953530949,-46.810164150097265,0.29991149593129685,0.0729752190084423,0.3396439382740109,0.9999076856650206
2000,2750,0.7802666093431114,-53.65594766554355,0.29987018959001643,0.04312016423808101,0.5148102755122956,0.9999079101596776
2000,3000,1.2440290454371143,-60.58193875461254,0.29989003455727703,0.09103684758595762,0.7286574551671164,0.9997624378228265
2000,3500,2.0058538335975284,-78.99096669253453,0.2998864225447454,0.08503852524978116,0.7741644985730757,0.9997564462687751
2000,4000,2.3390115206586177,-98.85381945090676,0.29983633798395587,0.10335576316284688,0.6554262557214748,0.9997627834891216
2000,4500,2.3790453298463787,-123.25998871930933,0.299885373685696,0.1215430495621401,1.3666323217119658,0.9993276510191832
2000,5000,1.6436930243608514,-142.89375747715178,0.29999999999999977,0.10826951124110204,0.32604435168893603,0.9998364156866606
